date_id,full_date,year,quarter,month,month_name,month_short,day,day_of_week,day_name,is_weekend,fiscal_quarter,record_loaded_at
2024-01-01,2024-01-01,2024,1,1,January  ,Jan,1,1,Monday   ,false,Q1,2025-12-21 17:55:00.587726+01
2024-01-02,2024-01-02,2024,1,1,January  ,Jan,2,2,Tuesday  ,false,Q1,2025-12-21 17:55:00.587726+01
2024-01-03,2024-01-03,2024,1,1,January  ,Jan,3,3,Wednesday,false,Q1,2025-12-21 17:55:00.587726+01
2024-01-04,2024-01-04,2024,1,1,January  ,Jan,4,4,Thursday ,false,Q1,2025-12-21 17:55:00.587726+01
2024-01-05,2024-01-05,2024,1,1,January  ,Jan,5,5,Friday   ,false,Q1,2025-12-21 17:55:00.587726+01
2024-01-06,2024-01-06,2024,1,1,January  ,Jan,6,6,Saturday ,true,Q1,2025-12-21 17:55:00.587726+01
2024-01-07,2024-01-07,2024,1,1,January  ,Jan,7,0,Sunday   ,true,Q1,2025-12-21 17:55:00.587726+01
2024-01-08,2024-01-08,2024,1,1,January  ,Jan,8,1,Monday   ,false,Q1,2025-12-21 17:55:00.587726+01
2024-01-09,2024-01-09,2024,1,1,January  ,Jan,9,2,Tuesday  ,false,Q1,2025-12-21 17:55:00.587726+01
2024-01-10,2024-01-10,2024,1,1,January  ,Jan,10,3,Wednesday,false,Q1,2025-12-21 17:55:00.587726+01
2024-01-11,2024-01-11,2024,1,1,January  ,Jan,11,4,Thursday ,false,Q1,2025-12-21 17:55:00.587726+01
2024-01-12,2024-01-12,2024,1,1,January  ,Jan,12,5,Friday   ,false,Q1,2025-12-21 17:55:00.587726+01
2024-01-13,2024-01-13,2024,1,1,January  ,Jan,13,6,Saturday ,true,Q1,2025-12-21 17:55:00.587726+01
2024-01-14,2024-01-14,2024,1,1,January  ,Jan,14,0,Sunday   ,true,Q1,2025-12-21 17:55:00.587726+01
2024-01-15,2024-01-15,2024,1,1,January  ,Jan,15,1,Monday   ,false,Q1,2025-12-21 17:55:00.587726+01
2024-01-16,2024-01-16,2024,1,1,January  ,Jan,16,2,Tuesday  ,false,Q1,2025-12-21 17:55:00.587726+01
2024-01-17,2024-01-17,2024,1,1,January  ,Jan,17,3,Wednesday,false,Q1,2025-12-21 17:55:00.587726+01
2024-01-18,2024-01-18,2024,1,1,January  ,Jan,18,4,Thursday ,false,Q1,2025-12-21 17:55:00.587726+01
2024-01-19,2024-01-19,2024,1,1,January  ,Jan,19,5,Friday   ,false,Q1,2025-12-21 17:55:00.587726+01
2024-01-20,2024-01-20,2024,1,1,January  ,Jan,20,6,Saturday ,true,Q1,2025-12-21 17:55:00.587726+01
2024-01-21,2024-01-21,2024,1,1,January  ,Jan,21,0,Sunday   ,true,Q1,2025-12-21 17:55:00.587726+01
2024-01-22,2024-01-22,2024,1,1,January  ,Jan,22,1,Monday   ,false,Q1,2025-12-21 17:55:00.587726+01
2024-01-23,2024-01-23,2024,1,1,January  ,Jan,23,2,Tuesday  ,false,Q1,2025-12-21 17:55:00.587726+01
2024-01-24,2024-01-24,2024,1,1,January  ,Jan,24,3,Wednesday,false,Q1,2025-12-21 17:55:00.587726+01
2024-01-25,2024-01-25,2024,1,1,January  ,Jan,25,4,Thursday ,false,Q1,2025-12-21 17:55:00.587726+01
2024-01-26,2024-01-26,2024,1,1,January  ,Jan,26,5,Friday   ,false,Q1,2025-12-21 17:55:00.587726+01
2024-01-27,2024-01-27,2024,1,1,January  ,Jan,27,6,Saturday ,true,Q1,2025-12-21 17:55:00.587726+01
2024-01-28,2024-01-28,2024,1,1,January  ,Jan,28,0,Sunday   ,true,Q1,2025-12-21 17:55:00.587726+01
2024-01-29,2024-01-29,2024,1,1,January  ,Jan,29,1,Monday   ,false,Q1,2025-12-21 17:55:00.587726+01
2024-01-30,2024-01-30,2024,1,1,January  ,Jan,30,2,Tuesday  ,false,Q1,2025-12-21 17:55:00.587726+01
2024-01-31,2024-01-31,2024,1,1,January  ,Jan,31,3,Wednesday,false,Q1,2025-12-21 17:55:00.587726+01
2024-02-01,2024-02-01,2024,1,2,February ,Feb,1,4,Thursday ,false,Q1,2025-12-21 17:55:00.587726+01
2024-02-02,2024-02-02,2024,1,2,February ,Feb,2,5,Friday   ,false,Q1,2025-12-21 17:55:00.587726+01
2024-02-03,2024-02-03,2024,1,2,February ,Feb,3,6,Saturday ,true,Q1,2025-12-21 17:55:00.587726+01
2024-02-04,2024-02-04,2024,1,2,February ,Feb,4,0,Sunday   ,true,Q1,2025-12-21 17:55:00.587726+01
2024-02-05,2024-02-05,2024,1,2,February ,Feb,5,1,Monday   ,false,Q1,2025-12-21 17:55:00.587726+01
2024-02-06,2024-02-06,2024,1,2,February ,Feb,6,2,Tuesday  ,false,Q1,2025-12-21 17:55:00.587726+01
2024-02-07,2024-02-07,2024,1,2,February ,Feb,7,3,Wednesday,false,Q1,2025-12-21 17:55:00.587726+01
2024-02-08,2024-02-08,2024,1,2,February ,Feb,8,4,Thursday ,false,Q1,2025-12-21 17:55:00.587726+01
2024-02-09,2024-02-09,2024,1,2,February ,Feb,9,5,Friday   ,false,Q1,2025-12-21 17:55:00.587726+01
2024-02-10,2024-02-10,2024,1,2,February ,Feb,10,6,Saturday ,true,Q1,2025-12-21 17:55:00.587726+01
2024-02-11,2024-02-11,2024,1,2,February ,Feb,11,0,Sunday   ,true,Q1,2025-12-21 17:55:00.587726+01
2024-02-12,2024-02-12,2024,1,2,February ,Feb,12,1,Monday   ,false,Q1,2025-12-21 17:55:00.587726+01
2024-02-13,2024-02-13,2024,1,2,February ,Feb,13,2,Tuesday  ,false,Q1,2025-12-21 17:55:00.587726+01
2024-02-14,2024-02-14,2024,1,2,February ,Feb,14,3,Wednesday,false,Q1,2025-12-21 17:55:00.587726+01
2024-02-15,2024-02-15,2024,1,2,February ,Feb,15,4,Thursday ,false,Q1,2025-12-21 17:55:00.587726+01
2024-02-16,2024-02-16,2024,1,2,February ,Feb,16,5,Friday   ,false,Q1,2025-12-21 17:55:00.587726+01
2024-02-17,2024-02-17,2024,1,2,February ,Feb,17,6,Saturday ,true,Q1,2025-12-21 17:55:00.587726+01
2024-02-18,2024-02-18,2024,1,2,February ,Feb,18,0,Sunday   ,true,Q1,2025-12-21 17:55:00.587726+01
2024-02-19,2024-02-19,2024,1,2,February ,Feb,19,1,Monday   ,false,Q1,2025-12-21 17:55:00.587726+01
2024-02-20,2024-02-20,2024,1,2,February ,Feb,20,2,Tuesday  ,false,Q1,2025-12-21 17:55:00.587726+01
2024-02-21,2024-02-21,2024,1,2,February ,Feb,21,3,Wednesday,false,Q1,2025-12-21 17:55:00.587726+01
2024-02-22,2024-02-22,2024,1,2,February ,Feb,22,4,Thursday ,false,Q1,2025-12-21 17:55:00.587726+01
2024-02-23,2024-02-23,2024,1,2,February ,Feb,23,5,Friday   ,false,Q1,2025-12-21 17:55:00.587726+01
2024-02-24,2024-02-24,2024,1,2,February ,Feb,24,6,Saturday ,true,Q1,2025-12-21 17:55:00.587726+01
2024-02-25,2024-02-25,2024,1,2,February ,Feb,25,0,Sunday   ,true,Q1,2025-12-21 17:55:00.587726+01
2024-02-26,2024-02-26,2024,1,2,February ,Feb,26,1,Monday   ,false,Q1,2025-12-21 17:55:00.587726+01
2024-02-27,2024-02-27,2024,1,2,February ,Feb,27,2,Tuesday  ,false,Q1,2025-12-21 17:55:00.587726+01
2024-02-28,2024-02-28,2024,1,2,February ,Feb,28,3,Wednesday,false,Q1,2025-12-21 17:55:00.587726+01
2024-02-29,2024-02-29,2024,1,2,February ,Feb,29,4,Thursday ,false,Q1,2025-12-21 17:55:00.587726+01
2024-03-01,2024-03-01,2024,1,3,March    ,Mar,1,5,Friday   ,false,Q1,2025-12-21 17:55:00.587726+01
2024-03-02,2024-03-02,2024,1,3,March    ,Mar,2,6,Saturday ,true,Q1,2025-12-21 17:55:00.587726+01
2024-03-03,2024-03-03,2024,1,3,March    ,Mar,3,0,Sunday   ,true,Q1,2025-12-21 17:55:00.587726+01
2024-03-04,2024-03-04,2024,1,3,March    ,Mar,4,1,Monday   ,false,Q1,2025-12-21 17:55:00.587726+01
2024-03-05,2024-03-05,2024,1,3,March    ,Mar,5,2,Tuesday  ,false,Q1,2025-12-21 17:55:00.587726+01
2024-03-06,2024-03-06,2024,1,3,March    ,Mar,6,3,Wednesday,false,Q1,2025-12-21 17:55:00.587726+01
2024-03-07,2024-03-07,2024,1,3,March    ,Mar,7,4,Thursday ,false,Q1,2025-12-21 17:55:00.587726+01
2024-03-08,2024-03-08,2024,1,3,March    ,Mar,8,5,Friday   ,false,Q1,2025-12-21 17:55:00.587726+01
2024-03-09,2024-03-09,2024,1,3,March    ,Mar,9,6,Saturday ,true,Q1,2025-12-21 17:55:00.587726+01
2024-03-10,2024-03-10,2024,1,3,March    ,Mar,10,0,Sunday   ,true,Q1,2025-12-21 17:55:00.587726+01
2024-03-11,2024-03-11,2024,1,3,March    ,Mar,11,1,Monday   ,false,Q1,2025-12-21 17:55:00.587726+01
2024-03-12,2024-03-12,2024,1,3,March    ,Mar,12,2,Tuesday  ,false,Q1,2025-12-21 17:55:00.587726+01
2024-03-13,2024-03-13,2024,1,3,March    ,Mar,13,3,Wednesday,false,Q1,2025-12-21 17:55:00.587726+01
2024-03-14,2024-03-14,2024,1,3,March    ,Mar,14,4,Thursday ,false,Q1,2025-12-21 17:55:00.587726+01
2024-03-15,2024-03-15,2024,1,3,March    ,Mar,15,5,Friday   ,false,Q1,2025-12-21 17:55:00.587726+01
2024-03-16,2024-03-16,2024,1,3,March    ,Mar,16,6,Saturday ,true,Q1,2025-12-21 17:55:00.587726+01
2024-03-17,2024-03-17,2024,1,3,March    ,Mar,17,0,Sunday   ,true,Q1,2025-12-21 17:55:00.587726+01
2024-03-18,2024-03-18,2024,1,3,March    ,Mar,18,1,Monday   ,false,Q1,2025-12-21 17:55:00.587726+01
2024-03-19,2024-03-19,2024,1,3,March    ,Mar,19,2,Tuesday  ,false,Q1,2025-12-21 17:55:00.587726+01
2024-03-20,2024-03-20,2024,1,3,March    ,Mar,20,3,Wednesday,false,Q1,2025-12-21 17:55:00.587726+01
2024-03-21,2024-03-21,2024,1,3,March    ,Mar,21,4,Thursday ,false,Q1,2025-12-21 17:55:00.587726+01
2024-03-22,2024-03-22,2024,1,3,March    ,Mar,22,5,Friday   ,false,Q1,2025-12-21 17:55:00.587726+01
2024-03-23,2024-03-23,2024,1,3,March    ,Mar,23,6,Saturday ,true,Q1,2025-12-21 17:55:00.587726+01
2024-03-24,2024-03-24,2024,1,3,March    ,Mar,24,0,Sunday   ,true,Q1,2025-12-21 17:55:00.587726+01
2024-03-25,2024-03-25,2024,1,3,March    ,Mar,25,1,Monday   ,false,Q1,2025-12-21 17:55:00.587726+01
2024-03-26,2024-03-26,2024,1,3,March    ,Mar,26,2,Tuesday  ,false,Q1,2025-12-21 17:55:00.587726+01
2024-03-27,2024-03-27,2024,1,3,March    ,Mar,27,3,Wednesday,false,Q1,2025-12-21 17:55:00.587726+01
2024-03-28,2024-03-28,2024,1,3,March    ,Mar,28,4,Thursday ,false,Q1,2025-12-21 17:55:00.587726+01
2024-03-29,2024-03-29,2024,1,3,March    ,Mar,29,5,Friday   ,false,Q1,2025-12-21 17:55:00.587726+01
2024-03-30,2024-03-30,2024,1,3,March    ,Mar,30,6,Saturday ,true,Q1,2025-12-21 17:55:00.587726+01
2024-03-31,2024-03-31,2024,1,3,March    ,Mar,31,0,Sunday   ,true,Q1,2025-12-21 17:55:00.587726+01
2024-04-01,2024-04-01,2024,2,4,April    ,Apr,1,1,Monday   ,false,Q2,2025-12-21 17:55:00.587726+01
2024-04-02,2024-04-02,2024,2,4,April    ,Apr,2,2,Tuesday  ,false,Q2,2025-12-21 17:55:00.587726+01
2024-04-03,2024-04-03,2024,2,4,April    ,Apr,3,3,Wednesday,false,Q2,2025-12-21 17:55:00.587726+01
2024-04-04,2024-04-04,2024,2,4,April    ,Apr,4,4,Thursday ,false,Q2,2025-12-21 17:55:00.587726+01
2024-04-05,2024-04-05,2024,2,4,April    ,Apr,5,5,Friday   ,false,Q2,2025-12-21 17:55:00.587726+01
2024-04-06,2024-04-06,2024,2,4,April    ,Apr,6,6,Saturday ,true,Q2,2025-12-21 17:55:00.587726+01
2024-04-07,2024-04-07,2024,2,4,April    ,Apr,7,0,Sunday   ,true,Q2,2025-12-21 17:55:00.587726+01
2024-04-08,2024-04-08,2024,2,4,April    ,Apr,8,1,Monday   ,false,Q2,2025-12-21 17:55:00.587726+01
2024-04-09,2024-04-09,2024,2,4,April    ,Apr,9,2,Tuesday  ,false,Q2,2025-12-21 17:55:00.587726+01
2024-04-10,2024-04-10,2024,2,4,April    ,Apr,10,3,Wednesday,false,Q2,2025-12-21 17:55:00.587726+01
2024-04-11,2024-04-11,2024,2,4,April    ,Apr,11,4,Thursday ,false,Q2,2025-12-21 17:55:00.587726+01
2024-04-12,2024-04-12,2024,2,4,April    ,Apr,12,5,Friday   ,false,Q2,2025-12-21 17:55:00.587726+01
2024-04-13,2024-04-13,2024,2,4,April    ,Apr,13,6,Saturday ,true,Q2,2025-12-21 17:55:00.587726+01
2024-04-14,2024-04-14,2024,2,4,April    ,Apr,14,0,Sunday   ,true,Q2,2025-12-21 17:55:00.587726+01
2024-04-15,2024-04-15,2024,2,4,April    ,Apr,15,1,Monday   ,false,Q2,2025-12-21 17:55:00.587726+01
2024-04-16,2024-04-16,2024,2,4,April    ,Apr,16,2,Tuesday  ,false,Q2,2025-12-21 17:55:00.587726+01
2024-04-17,2024-04-17,2024,2,4,April    ,Apr,17,3,Wednesday,false,Q2,2025-12-21 17:55:00.587726+01
2024-04-18,2024-04-18,2024,2,4,April    ,Apr,18,4,Thursday ,false,Q2,2025-12-21 17:55:00.587726+01
2024-04-19,2024-04-19,2024,2,4,April    ,Apr,19,5,Friday   ,false,Q2,2025-12-21 17:55:00.587726+01
2024-04-20,2024-04-20,2024,2,4,April    ,Apr,20,6,Saturday ,true,Q2,2025-12-21 17:55:00.587726+01
2024-04-21,2024-04-21,2024,2,4,April    ,Apr,21,0,Sunday   ,true,Q2,2025-12-21 17:55:00.587726+01
2024-04-22,2024-04-22,2024,2,4,April    ,Apr,22,1,Monday   ,false,Q2,2025-12-21 17:55:00.587726+01
2024-04-23,2024-04-23,2024,2,4,April    ,Apr,23,2,Tuesday  ,false,Q2,2025-12-21 17:55:00.587726+01
2024-04-24,2024-04-24,2024,2,4,April    ,Apr,24,3,Wednesday,false,Q2,2025-12-21 17:55:00.587726+01
2024-04-25,2024-04-25,2024,2,4,April    ,Apr,25,4,Thursday ,false,Q2,2025-12-21 17:55:00.587726+01
2024-04-26,2024-04-26,2024,2,4,April    ,Apr,26,5,Friday   ,false,Q2,2025-12-21 17:55:00.587726+01
2024-04-27,2024-04-27,2024,2,4,April    ,Apr,27,6,Saturday ,true,Q2,2025-12-21 17:55:00.587726+01
2024-04-28,2024-04-28,2024,2,4,April    ,Apr,28,0,Sunday   ,true,Q2,2025-12-21 17:55:00.587726+01
2024-04-29,2024-04-29,2024,2,4,April    ,Apr,29,1,Monday   ,false,Q2,2025-12-21 17:55:00.587726+01
2024-04-30,2024-04-30,2024,2,4,April    ,Apr,30,2,Tuesday  ,false,Q2,2025-12-21 17:55:00.587726+01
2024-05-01,2024-05-01,2024,2,5,May      ,May,1,3,Wednesday,false,Q2,2025-12-21 17:55:00.587726+01
2024-05-02,2024-05-02,2024,2,5,May      ,May,2,4,Thursday ,false,Q2,2025-12-21 17:55:00.587726+01
2024-05-03,2024-05-03,2024,2,5,May      ,May,3,5,Friday   ,false,Q2,2025-12-21 17:55:00.587726+01
2024-05-04,2024-05-04,2024,2,5,May      ,May,4,6,Saturday ,true,Q2,2025-12-21 17:55:00.587726+01
2024-05-05,2024-05-05,2024,2,5,May      ,May,5,0,Sunday   ,true,Q2,2025-12-21 17:55:00.587726+01
2024-05-06,2024-05-06,2024,2,5,May      ,May,6,1,Monday   ,false,Q2,2025-12-21 17:55:00.587726+01
2024-05-07,2024-05-07,2024,2,5,May      ,May,7,2,Tuesday  ,false,Q2,2025-12-21 17:55:00.587726+01
2024-05-08,2024-05-08,2024,2,5,May      ,May,8,3,Wednesday,false,Q2,2025-12-21 17:55:00.587726+01
2024-05-09,2024-05-09,2024,2,5,May      ,May,9,4,Thursday ,false,Q2,2025-12-21 17:55:00.587726+01
2024-05-10,2024-05-10,2024,2,5,May      ,May,10,5,Friday   ,false,Q2,2025-12-21 17:55:00.587726+01
2024-05-11,2024-05-11,2024,2,5,May      ,May,11,6,Saturday ,true,Q2,2025-12-21 17:55:00.587726+01
2024-05-12,2024-05-12,2024,2,5,May      ,May,12,0,Sunday   ,true,Q2,2025-12-21 17:55:00.587726+01
2024-05-13,2024-05-13,2024,2,5,May      ,May,13,1,Monday   ,false,Q2,2025-12-21 17:55:00.587726+01
2024-05-14,2024-05-14,2024,2,5,May      ,May,14,2,Tuesday  ,false,Q2,2025-12-21 17:55:00.587726+01
2024-05-15,2024-05-15,2024,2,5,May      ,May,15,3,Wednesday,false,Q2,2025-12-21 17:55:00.587726+01
2024-05-16,2024-05-16,2024,2,5,May      ,May,16,4,Thursday ,false,Q2,2025-12-21 17:55:00.587726+01
2024-05-17,2024-05-17,2024,2,5,May      ,May,17,5,Friday   ,false,Q2,2025-12-21 17:55:00.587726+01
2024-05-18,2024-05-18,2024,2,5,May      ,May,18,6,Saturday ,true,Q2,2025-12-21 17:55:00.587726+01
2024-05-19,2024-05-19,2024,2,5,May      ,May,19,0,Sunday   ,true,Q2,2025-12-21 17:55:00.587726+01
2024-05-20,2024-05-20,2024,2,5,May      ,May,20,1,Monday   ,false,Q2,2025-12-21 17:55:00.587726+01
2024-05-21,2024-05-21,2024,2,5,May      ,May,21,2,Tuesday  ,false,Q2,2025-12-21 17:55:00.587726+01
2024-05-22,2024-05-22,2024,2,5,May      ,May,22,3,Wednesday,false,Q2,2025-12-21 17:55:00.587726+01
2024-05-23,2024-05-23,2024,2,5,May      ,May,23,4,Thursday ,false,Q2,2025-12-21 17:55:00.587726+01
2024-05-24,2024-05-24,2024,2,5,May      ,May,24,5,Friday   ,false,Q2,2025-12-21 17:55:00.587726+01
2024-05-25,2024-05-25,2024,2,5,May      ,May,25,6,Saturday ,true,Q2,2025-12-21 17:55:00.587726+01
2024-05-26,2024-05-26,2024,2,5,May      ,May,26,0,Sunday   ,true,Q2,2025-12-21 17:55:00.587726+01
2024-05-27,2024-05-27,2024,2,5,May      ,May,27,1,Monday   ,false,Q2,2025-12-21 17:55:00.587726+01
2024-05-28,2024-05-28,2024,2,5,May      ,May,28,2,Tuesday  ,false,Q2,2025-12-21 17:55:00.587726+01
2024-05-29,2024-05-29,2024,2,5,May      ,May,29,3,Wednesday,false,Q2,2025-12-21 17:55:00.587726+01
2024-05-30,2024-05-30,2024,2,5,May      ,May,30,4,Thursday ,false,Q2,2025-12-21 17:55:00.587726+01
2024-05-31,2024-05-31,2024,2,5,May      ,May,31,5,Friday   ,false,Q2,2025-12-21 17:55:00.587726+01
2024-06-01,2024-06-01,2024,2,6,June     ,Jun,1,6,Saturday ,true,Q2,2025-12-21 17:55:00.587726+01
2024-06-02,2024-06-02,2024,2,6,June     ,Jun,2,0,Sunday   ,true,Q2,2025-12-21 17:55:00.587726+01
2024-06-03,2024-06-03,2024,2,6,June     ,Jun,3,1,Monday   ,false,Q2,2025-12-21 17:55:00.587726+01
2024-06-04,2024-06-04,2024,2,6,June     ,Jun,4,2,Tuesday  ,false,Q2,2025-12-21 17:55:00.587726+01
2024-06-05,2024-06-05,2024,2,6,June     ,Jun,5,3,Wednesday,false,Q2,2025-12-21 17:55:00.587726+01
2024-06-06,2024-06-06,2024,2,6,June     ,Jun,6,4,Thursday ,false,Q2,2025-12-21 17:55:00.587726+01
2024-06-07,2024-06-07,2024,2,6,June     ,Jun,7,5,Friday   ,false,Q2,2025-12-21 17:55:00.587726+01
2024-06-08,2024-06-08,2024,2,6,June     ,Jun,8,6,Saturday ,true,Q2,2025-12-21 17:55:00.587726+01
2024-06-09,2024-06-09,2024,2,6,June     ,Jun,9,0,Sunday   ,true,Q2,2025-12-21 17:55:00.587726+01
2024-06-10,2024-06-10,2024,2,6,June     ,Jun,10,1,Monday   ,false,Q2,2025-12-21 17:55:00.587726+01
2024-06-11,2024-06-11,2024,2,6,June     ,Jun,11,2,Tuesday  ,false,Q2,2025-12-21 17:55:00.587726+01
2024-06-12,2024-06-12,2024,2,6,June     ,Jun,12,3,Wednesday,false,Q2,2025-12-21 17:55:00.587726+01
2024-06-13,2024-06-13,2024,2,6,June     ,Jun,13,4,Thursday ,false,Q2,2025-12-21 17:55:00.587726+01
2024-06-14,2024-06-14,2024,2,6,June     ,Jun,14,5,Friday   ,false,Q2,2025-12-21 17:55:00.587726+01
2024-06-15,2024-06-15,2024,2,6,June     ,Jun,15,6,Saturday ,true,Q2,2025-12-21 17:55:00.587726+01
2024-06-16,2024-06-16,2024,2,6,June     ,Jun,16,0,Sunday   ,true,Q2,2025-12-21 17:55:00.587726+01
2024-06-17,2024-06-17,2024,2,6,June     ,Jun,17,1,Monday   ,false,Q2,2025-12-21 17:55:00.587726+01
2024-06-18,2024-06-18,2024,2,6,June     ,Jun,18,2,Tuesday  ,false,Q2,2025-12-21 17:55:00.587726+01
2024-06-19,2024-06-19,2024,2,6,June     ,Jun,19,3,Wednesday,false,Q2,2025-12-21 17:55:00.587726+01
2024-06-20,2024-06-20,2024,2,6,June     ,Jun,20,4,Thursday ,false,Q2,2025-12-21 17:55:00.587726+01
2024-06-21,2024-06-21,2024,2,6,June     ,Jun,21,5,Friday   ,false,Q2,2025-12-21 17:55:00.587726+01
2024-06-22,2024-06-22,2024,2,6,June     ,Jun,22,6,Saturday ,true,Q2,2025-12-21 17:55:00.587726+01
2024-06-23,2024-06-23,2024,2,6,June     ,Jun,23,0,Sunday   ,true,Q2,2025-12-21 17:55:00.587726+01
2024-06-24,2024-06-24,2024,2,6,June     ,Jun,24,1,Monday   ,false,Q2,2025-12-21 17:55:00.587726+01
2024-06-25,2024-06-25,2024,2,6,June     ,Jun,25,2,Tuesday  ,false,Q2,2025-12-21 17:55:00.587726+01
2024-06-26,2024-06-26,2024,2,6,June     ,Jun,26,3,Wednesday,false,Q2,2025-12-21 17:55:00.587726+01
2024-06-27,2024-06-27,2024,2,6,June     ,Jun,27,4,Thursday ,false,Q2,2025-12-21 17:55:00.587726+01
2024-06-28,2024-06-28,2024,2,6,June     ,Jun,28,5,Friday   ,false,Q2,2025-12-21 17:55:00.587726+01
2024-06-29,2024-06-29,2024,2,6,June     ,Jun,29,6,Saturday ,true,Q2,2025-12-21 17:55:00.587726+01
2024-06-30,2024-06-30,2024,2,6,June     ,Jun,30,0,Sunday   ,true,Q2,2025-12-21 17:55:00.587726+01
2024-07-01,2024-07-01,2024,3,7,July     ,Jul,1,1,Monday   ,false,Q3,2025-12-21 17:55:00.587726+01
2024-07-02,2024-07-02,2024,3,7,July     ,Jul,2,2,Tuesday  ,false,Q3,2025-12-21 17:55:00.587726+01
2024-07-03,2024-07-03,2024,3,7,July     ,Jul,3,3,Wednesday,false,Q3,2025-12-21 17:55:00.587726+01
2024-07-04,2024-07-04,2024,3,7,July     ,Jul,4,4,Thursday ,false,Q3,2025-12-21 17:55:00.587726+01
2024-07-05,2024-07-05,2024,3,7,July     ,Jul,5,5,Friday   ,false,Q3,2025-12-21 17:55:00.587726+01
2024-07-06,2024-07-06,2024,3,7,July     ,Jul,6,6,Saturday ,true,Q3,2025-12-21 17:55:00.587726+01
2024-07-07,2024-07-07,2024,3,7,July     ,Jul,7,0,Sunday   ,true,Q3,2025-12-21 17:55:00.587726+01
2024-07-08,2024-07-08,2024,3,7,July     ,Jul,8,1,Monday   ,false,Q3,2025-12-21 17:55:00.587726+01
2024-07-09,2024-07-09,2024,3,7,July     ,Jul,9,2,Tuesday  ,false,Q3,2025-12-21 17:55:00.587726+01
2024-07-10,2024-07-10,2024,3,7,July     ,Jul,10,3,Wednesday,false,Q3,2025-12-21 17:55:00.587726+01
2024-07-11,2024-07-11,2024,3,7,July     ,Jul,11,4,Thursday ,false,Q3,2025-12-21 17:55:00.587726+01
2024-07-12,2024-07-12,2024,3,7,July     ,Jul,12,5,Friday   ,false,Q3,2025-12-21 17:55:00.587726+01
2024-07-13,2024-07-13,2024,3,7,July     ,Jul,13,6,Saturday ,true,Q3,2025-12-21 17:55:00.587726+01
2024-07-14,2024-07-14,2024,3,7,July     ,Jul,14,0,Sunday   ,true,Q3,2025-12-21 17:55:00.587726+01
2024-07-15,2024-07-15,2024,3,7,July     ,Jul,15,1,Monday   ,false,Q3,2025-12-21 17:55:00.587726+01
2024-07-16,2024-07-16,2024,3,7,July     ,Jul,16,2,Tuesday  ,false,Q3,2025-12-21 17:55:00.587726+01
2024-07-17,2024-07-17,2024,3,7,July     ,Jul,17,3,Wednesday,false,Q3,2025-12-21 17:55:00.587726+01
2024-07-18,2024-07-18,2024,3,7,July     ,Jul,18,4,Thursday ,false,Q3,2025-12-21 17:55:00.587726+01
2024-07-19,2024-07-19,2024,3,7,July     ,Jul,19,5,Friday   ,false,Q3,2025-12-21 17:55:00.587726+01
2024-07-20,2024-07-20,2024,3,7,July     ,Jul,20,6,Saturday ,true,Q3,2025-12-21 17:55:00.587726+01
2024-07-21,2024-07-21,2024,3,7,July     ,Jul,21,0,Sunday   ,true,Q3,2025-12-21 17:55:00.587726+01
2024-07-22,2024-07-22,2024,3,7,July     ,Jul,22,1,Monday   ,false,Q3,2025-12-21 17:55:00.587726+01
2024-07-23,2024-07-23,2024,3,7,July     ,Jul,23,2,Tuesday  ,false,Q3,2025-12-21 17:55:00.587726+01
2024-07-24,2024-07-24,2024,3,7,July     ,Jul,24,3,Wednesday,false,Q3,2025-12-21 17:55:00.587726+01
2024-07-25,2024-07-25,2024,3,7,July     ,Jul,25,4,Thursday ,false,Q3,2025-12-21 17:55:00.587726+01
2024-07-26,2024-07-26,2024,3,7,July     ,Jul,26,5,Friday   ,false,Q3,2025-12-21 17:55:00.587726+01
2024-07-27,2024-07-27,2024,3,7,July     ,Jul,27,6,Saturday ,true,Q3,2025-12-21 17:55:00.587726+01
2024-07-28,2024-07-28,2024,3,7,July     ,Jul,28,0,Sunday   ,true,Q3,2025-12-21 17:55:00.587726+01
2024-07-29,2024-07-29,2024,3,7,July     ,Jul,29,1,Monday   ,false,Q3,2025-12-21 17:55:00.587726+01
2024-07-30,2024-07-30,2024,3,7,July     ,Jul,30,2,Tuesday  ,false,Q3,2025-12-21 17:55:00.587726+01
2024-07-31,2024-07-31,2024,3,7,July     ,Jul,31,3,Wednesday,false,Q3,2025-12-21 17:55:00.587726+01
2024-08-01,2024-08-01,2024,3,8,August   ,Aug,1,4,Thursday ,false,Q3,2025-12-21 17:55:00.587726+01
2024-08-02,2024-08-02,2024,3,8,August   ,Aug,2,5,Friday   ,false,Q3,2025-12-21 17:55:00.587726+01
2024-08-03,2024-08-03,2024,3,8,August   ,Aug,3,6,Saturday ,true,Q3,2025-12-21 17:55:00.587726+01
2024-08-04,2024-08-04,2024,3,8,August   ,Aug,4,0,Sunday   ,true,Q3,2025-12-21 17:55:00.587726+01
2024-08-05,2024-08-05,2024,3,8,August   ,Aug,5,1,Monday   ,false,Q3,2025-12-21 17:55:00.587726+01
2024-08-06,2024-08-06,2024,3,8,August   ,Aug,6,2,Tuesday  ,false,Q3,2025-12-21 17:55:00.587726+01
2024-08-07,2024-08-07,2024,3,8,August   ,Aug,7,3,Wednesday,false,Q3,2025-12-21 17:55:00.587726+01
2024-08-08,2024-08-08,2024,3,8,August   ,Aug,8,4,Thursday ,false,Q3,2025-12-21 17:55:00.587726+01
2024-08-09,2024-08-09,2024,3,8,August   ,Aug,9,5,Friday   ,false,Q3,2025-12-21 17:55:00.587726+01
2024-08-10,2024-08-10,2024,3,8,August   ,Aug,10,6,Saturday ,true,Q3,2025-12-21 17:55:00.587726+01
2024-08-11,2024-08-11,2024,3,8,August   ,Aug,11,0,Sunday   ,true,Q3,2025-12-21 17:55:00.587726+01
2024-08-12,2024-08-12,2024,3,8,August   ,Aug,12,1,Monday   ,false,Q3,2025-12-21 17:55:00.587726+01
2024-08-13,2024-08-13,2024,3,8,August   ,Aug,13,2,Tuesday  ,false,Q3,2025-12-21 17:55:00.587726+01
2024-08-14,2024-08-14,2024,3,8,August   ,Aug,14,3,Wednesday,false,Q3,2025-12-21 17:55:00.587726+01
2024-08-15,2024-08-15,2024,3,8,August   ,Aug,15,4,Thursday ,false,Q3,2025-12-21 17:55:00.587726+01
2024-08-16,2024-08-16,2024,3,8,August   ,Aug,16,5,Friday   ,false,Q3,2025-12-21 17:55:00.587726+01
2024-08-17,2024-08-17,2024,3,8,August   ,Aug,17,6,Saturday ,true,Q3,2025-12-21 17:55:00.587726+01
2024-08-18,2024-08-18,2024,3,8,August   ,Aug,18,0,Sunday   ,true,Q3,2025-12-21 17:55:00.587726+01
2024-08-19,2024-08-19,2024,3,8,August   ,Aug,19,1,Monday   ,false,Q3,2025-12-21 17:55:00.587726+01
2024-08-20,2024-08-20,2024,3,8,August   ,Aug,20,2,Tuesday  ,false,Q3,2025-12-21 17:55:00.587726+01
2024-08-21,2024-08-21,2024,3,8,August   ,Aug,21,3,Wednesday,false,Q3,2025-12-21 17:55:00.587726+01
2024-08-22,2024-08-22,2024,3,8,August   ,Aug,22,4,Thursday ,false,Q3,2025-12-21 17:55:00.587726+01
2024-08-23,2024-08-23,2024,3,8,August   ,Aug,23,5,Friday   ,false,Q3,2025-12-21 17:55:00.587726+01
2024-08-24,2024-08-24,2024,3,8,August   ,Aug,24,6,Saturday ,true,Q3,2025-12-21 17:55:00.587726+01
2024-08-25,2024-08-25,2024,3,8,August   ,Aug,25,0,Sunday   ,true,Q3,2025-12-21 17:55:00.587726+01
2024-08-26,2024-08-26,2024,3,8,August   ,Aug,26,1,Monday   ,false,Q3,2025-12-21 17:55:00.587726+01
2024-08-27,2024-08-27,2024,3,8,August   ,Aug,27,2,Tuesday  ,false,Q3,2025-12-21 17:55:00.587726+01
2024-08-28,2024-08-28,2024,3,8,August   ,Aug,28,3,Wednesday,false,Q3,2025-12-21 17:55:00.587726+01
2024-08-29,2024-08-29,2024,3,8,August   ,Aug,29,4,Thursday ,false,Q3,2025-12-21 17:55:00.587726+01
2024-08-30,2024-08-30,2024,3,8,August   ,Aug,30,5,Friday   ,false,Q3,2025-12-21 17:55:00.587726+01
2024-08-31,2024-08-31,2024,3,8,August   ,Aug,31,6,Saturday ,true,Q3,2025-12-21 17:55:00.587726+01
2024-09-01,2024-09-01,2024,3,9,September,Sep,1,0,Sunday   ,true,Q3,2025-12-21 17:55:00.587726+01
2024-09-02,2024-09-02,2024,3,9,September,Sep,2,1,Monday   ,false,Q3,2025-12-21 17:55:00.587726+01
2024-09-03,2024-09-03,2024,3,9,September,Sep,3,2,Tuesday  ,false,Q3,2025-12-21 17:55:00.587726+01
2024-09-04,2024-09-04,2024,3,9,September,Sep,4,3,Wednesday,false,Q3,2025-12-21 17:55:00.587726+01
2024-09-05,2024-09-05,2024,3,9,September,Sep,5,4,Thursday ,false,Q3,2025-12-21 17:55:00.587726+01
2024-09-06,2024-09-06,2024,3,9,September,Sep,6,5,Friday   ,false,Q3,2025-12-21 17:55:00.587726+01
2024-09-07,2024-09-07,2024,3,9,September,Sep,7,6,Saturday ,true,Q3,2025-12-21 17:55:00.587726+01
2024-09-08,2024-09-08,2024,3,9,September,Sep,8,0,Sunday   ,true,Q3,2025-12-21 17:55:00.587726+01
2024-09-09,2024-09-09,2024,3,9,September,Sep,9,1,Monday   ,false,Q3,2025-12-21 17:55:00.587726+01
2024-09-10,2024-09-10,2024,3,9,September,Sep,10,2,Tuesday  ,false,Q3,2025-12-21 17:55:00.587726+01
2024-09-11,2024-09-11,2024,3,9,September,Sep,11,3,Wednesday,false,Q3,2025-12-21 17:55:00.587726+01
2024-09-12,2024-09-12,2024,3,9,September,Sep,12,4,Thursday ,false,Q3,2025-12-21 17:55:00.587726+01
2024-09-13,2024-09-13,2024,3,9,September,Sep,13,5,Friday   ,false,Q3,2025-12-21 17:55:00.587726+01
2024-09-14,2024-09-14,2024,3,9,September,Sep,14,6,Saturday ,true,Q3,2025-12-21 17:55:00.587726+01
2024-09-15,2024-09-15,2024,3,9,September,Sep,15,0,Sunday   ,true,Q3,2025-12-21 17:55:00.587726+01
2024-09-16,2024-09-16,2024,3,9,September,Sep,16,1,Monday   ,false,Q3,2025-12-21 17:55:00.587726+01
2024-09-17,2024-09-17,2024,3,9,September,Sep,17,2,Tuesday  ,false,Q3,2025-12-21 17:55:00.587726+01
2024-09-18,2024-09-18,2024,3,9,September,Sep,18,3,Wednesday,false,Q3,2025-12-21 17:55:00.587726+01
2024-09-19,2024-09-19,2024,3,9,September,Sep,19,4,Thursday ,false,Q3,2025-12-21 17:55:00.587726+01
2024-09-20,2024-09-20,2024,3,9,September,Sep,20,5,Friday   ,false,Q3,2025-12-21 17:55:00.587726+01
2024-09-21,2024-09-21,2024,3,9,September,Sep,21,6,Saturday ,true,Q3,2025-12-21 17:55:00.587726+01
2024-09-22,2024-09-22,2024,3,9,September,Sep,22,0,Sunday   ,true,Q3,2025-12-21 17:55:00.587726+01
2024-09-23,2024-09-23,2024,3,9,September,Sep,23,1,Monday   ,false,Q3,2025-12-21 17:55:00.587726+01
2024-09-24,2024-09-24,2024,3,9,September,Sep,24,2,Tuesday  ,false,Q3,2025-12-21 17:55:00.587726+01
2024-09-25,2024-09-25,2024,3,9,September,Sep,25,3,Wednesday,false,Q3,2025-12-21 17:55:00.587726+01
2024-09-26,2024-09-26,2024,3,9,September,Sep,26,4,Thursday ,false,Q3,2025-12-21 17:55:00.587726+01
2024-09-27,2024-09-27,2024,3,9,September,Sep,27,5,Friday   ,false,Q3,2025-12-21 17:55:00.587726+01
2024-09-28,2024-09-28,2024,3,9,September,Sep,28,6,Saturday ,true,Q3,2025-12-21 17:55:00.587726+01
2024-09-29,2024-09-29,2024,3,9,September,Sep,29,0,Sunday   ,true,Q3,2025-12-21 17:55:00.587726+01
2024-09-30,2024-09-30,2024,3,9,September,Sep,30,1,Monday   ,false,Q3,2025-12-21 17:55:00.587726+01
2024-10-01,2024-10-01,2024,4,10,October  ,Oct,1,2,Tuesday  ,false,Q4,2025-12-21 17:55:00.587726+01
2024-10-02,2024-10-02,2024,4,10,October  ,Oct,2,3,Wednesday,false,Q4,2025-12-21 17:55:00.587726+01
2024-10-03,2024-10-03,2024,4,10,October  ,Oct,3,4,Thursday ,false,Q4,2025-12-21 17:55:00.587726+01
2024-10-04,2024-10-04,2024,4,10,October  ,Oct,4,5,Friday   ,false,Q4,2025-12-21 17:55:00.587726+01
2024-10-05,2024-10-05,2024,4,10,October  ,Oct,5,6,Saturday ,true,Q4,2025-12-21 17:55:00.587726+01
2024-10-06,2024-10-06,2024,4,10,October  ,Oct,6,0,Sunday   ,true,Q4,2025-12-21 17:55:00.587726+01
2024-10-07,2024-10-07,2024,4,10,October  ,Oct,7,1,Monday   ,false,Q4,2025-12-21 17:55:00.587726+01
2024-10-08,2024-10-08,2024,4,10,October  ,Oct,8,2,Tuesday  ,false,Q4,2025-12-21 17:55:00.587726+01
2024-10-09,2024-10-09,2024,4,10,October  ,Oct,9,3,Wednesday,false,Q4,2025-12-21 17:55:00.587726+01
2024-10-10,2024-10-10,2024,4,10,October  ,Oct,10,4,Thursday ,false,Q4,2025-12-21 17:55:00.587726+01
2024-10-11,2024-10-11,2024,4,10,October  ,Oct,11,5,Friday   ,false,Q4,2025-12-21 17:55:00.587726+01
2024-10-12,2024-10-12,2024,4,10,October  ,Oct,12,6,Saturday ,true,Q4,2025-12-21 17:55:00.587726+01
2024-10-13,2024-10-13,2024,4,10,October  ,Oct,13,0,Sunday   ,true,Q4,2025-12-21 17:55:00.587726+01
2024-10-14,2024-10-14,2024,4,10,October  ,Oct,14,1,Monday   ,false,Q4,2025-12-21 17:55:00.587726+01
2024-10-15,2024-10-15,2024,4,10,October  ,Oct,15,2,Tuesday  ,false,Q4,2025-12-21 17:55:00.587726+01
2024-10-16,2024-10-16,2024,4,10,October  ,Oct,16,3,Wednesday,false,Q4,2025-12-21 17:55:00.587726+01
2024-10-17,2024-10-17,2024,4,10,October  ,Oct,17,4,Thursday ,false,Q4,2025-12-21 17:55:00.587726+01
2024-10-18,2024-10-18,2024,4,10,October  ,Oct,18,5,Friday   ,false,Q4,2025-12-21 17:55:00.587726+01
2024-10-19,2024-10-19,2024,4,10,October  ,Oct,19,6,Saturday ,true,Q4,2025-12-21 17:55:00.587726+01
2024-10-20,2024-10-20,2024,4,10,October  ,Oct,20,0,Sunday   ,true,Q4,2025-12-21 17:55:00.587726+01
2024-10-21,2024-10-21,2024,4,10,October  ,Oct,21,1,Monday   ,false,Q4,2025-12-21 17:55:00.587726+01
2024-10-22,2024-10-22,2024,4,10,October  ,Oct,22,2,Tuesday  ,false,Q4,2025-12-21 17:55:00.587726+01
2024-10-23,2024-10-23,2024,4,10,October  ,Oct,23,3,Wednesday,false,Q4,2025-12-21 17:55:00.587726+01
2024-10-24,2024-10-24,2024,4,10,October  ,Oct,24,4,Thursday ,false,Q4,2025-12-21 17:55:00.587726+01
2024-10-25,2024-10-25,2024,4,10,October  ,Oct,25,5,Friday   ,false,Q4,2025-12-21 17:55:00.587726+01
2024-10-26,2024-10-26,2024,4,10,October  ,Oct,26,6,Saturday ,true,Q4,2025-12-21 17:55:00.587726+01
2024-10-27,2024-10-27,2024,4,10,October  ,Oct,27,0,Sunday   ,true,Q4,2025-12-21 17:55:00.587726+01
2024-10-28,2024-10-28,2024,4,10,October  ,Oct,28,1,Monday   ,false,Q4,2025-12-21 17:55:00.587726+01
2024-10-29,2024-10-29,2024,4,10,October  ,Oct,29,2,Tuesday  ,false,Q4,2025-12-21 17:55:00.587726+01
2024-10-30,2024-10-30,2024,4,10,October  ,Oct,30,3,Wednesday,false,Q4,2025-12-21 17:55:00.587726+01
2024-10-31,2024-10-31,2024,4,10,October  ,Oct,31,4,Thursday ,false,Q4,2025-12-21 17:55:00.587726+01
2024-11-01,2024-11-01,2024,4,11,November ,Nov,1,5,Friday   ,false,Q4,2025-12-21 17:55:00.587726+01
2024-11-02,2024-11-02,2024,4,11,November ,Nov,2,6,Saturday ,true,Q4,2025-12-21 17:55:00.587726+01
2024-11-03,2024-11-03,2024,4,11,November ,Nov,3,0,Sunday   ,true,Q4,2025-12-21 17:55:00.587726+01
2024-11-04,2024-11-04,2024,4,11,November ,Nov,4,1,Monday   ,false,Q4,2025-12-21 17:55:00.587726+01
2024-11-05,2024-11-05,2024,4,11,November ,Nov,5,2,Tuesday  ,false,Q4,2025-12-21 17:55:00.587726+01
2024-11-06,2024-11-06,2024,4,11,November ,Nov,6,3,Wednesday,false,Q4,2025-12-21 17:55:00.587726+01
2024-11-07,2024-11-07,2024,4,11,November ,Nov,7,4,Thursday ,false,Q4,2025-12-21 17:55:00.587726+01
2024-11-08,2024-11-08,2024,4,11,November ,Nov,8,5,Friday   ,false,Q4,2025-12-21 17:55:00.587726+01
2024-11-09,2024-11-09,2024,4,11,November ,Nov,9,6,Saturday ,true,Q4,2025-12-21 17:55:00.587726+01
2024-11-10,2024-11-10,2024,4,11,November ,Nov,10,0,Sunday   ,true,Q4,2025-12-21 17:55:00.587726+01
2024-11-11,2024-11-11,2024,4,11,November ,Nov,11,1,Monday   ,false,Q4,2025-12-21 17:55:00.587726+01
2024-11-12,2024-11-12,2024,4,11,November ,Nov,12,2,Tuesday  ,false,Q4,2025-12-21 17:55:00.587726+01
2024-11-13,2024-11-13,2024,4,11,November ,Nov,13,3,Wednesday,false,Q4,2025-12-21 17:55:00.587726+01
2024-11-14,2024-11-14,2024,4,11,November ,Nov,14,4,Thursday ,false,Q4,2025-12-21 17:55:00.587726+01
2024-11-15,2024-11-15,2024,4,11,November ,Nov,15,5,Friday   ,false,Q4,2025-12-21 17:55:00.587726+01
2024-11-16,2024-11-16,2024,4,11,November ,Nov,16,6,Saturday ,true,Q4,2025-12-21 17:55:00.587726+01
2024-11-17,2024-11-17,2024,4,11,November ,Nov,17,0,Sunday   ,true,Q4,2025-12-21 17:55:00.587726+01
2024-11-18,2024-11-18,2024,4,11,November ,Nov,18,1,Monday   ,false,Q4,2025-12-21 17:55:00.587726+01
2024-11-19,2024-11-19,2024,4,11,November ,Nov,19,2,Tuesday  ,false,Q4,2025-12-21 17:55:00.587726+01
2024-11-20,2024-11-20,2024,4,11,November ,Nov,20,3,Wednesday,false,Q4,2025-12-21 17:55:00.587726+01
2024-11-21,2024-11-21,2024,4,11,November ,Nov,21,4,Thursday ,false,Q4,2025-12-21 17:55:00.587726+01
2024-11-22,2024-11-22,2024,4,11,November ,Nov,22,5,Friday   ,false,Q4,2025-12-21 17:55:00.587726+01
2024-11-23,2024-11-23,2024,4,11,November ,Nov,23,6,Saturday ,true,Q4,2025-12-21 17:55:00.587726+01
2024-11-24,2024-11-24,2024,4,11,November ,Nov,24,0,Sunday   ,true,Q4,2025-12-21 17:55:00.587726+01
2024-11-25,2024-11-25,2024,4,11,November ,Nov,25,1,Monday   ,false,Q4,2025-12-21 17:55:00.587726+01
2024-11-26,2024-11-26,2024,4,11,November ,Nov,26,2,Tuesday  ,false,Q4,2025-12-21 17:55:00.587726+01
2024-11-27,2024-11-27,2024,4,11,November ,Nov,27,3,Wednesday,false,Q4,2025-12-21 17:55:00.587726+01
2024-11-28,2024-11-28,2024,4,11,November ,Nov,28,4,Thursday ,false,Q4,2025-12-21 17:55:00.587726+01
2024-11-29,2024-11-29,2024,4,11,November ,Nov,29,5,Friday   ,false,Q4,2025-12-21 17:55:00.587726+01
2024-11-30,2024-11-30,2024,4,11,November ,Nov,30,6,Saturday ,true,Q4,2025-12-21 17:55:00.587726+01
2024-12-01,2024-12-01,2024,4,12,December ,Dec,1,0,Sunday   ,true,Q4,2025-12-21 17:55:00.587726+01
2024-12-02,2024-12-02,2024,4,12,December ,Dec,2,1,Monday   ,false,Q4,2025-12-21 17:55:00.587726+01
2024-12-03,2024-12-03,2024,4,12,December ,Dec,3,2,Tuesday  ,false,Q4,2025-12-21 17:55:00.587726+01
2024-12-04,2024-12-04,2024,4,12,December ,Dec,4,3,Wednesday,false,Q4,2025-12-21 17:55:00.587726+01
2024-12-05,2024-12-05,2024,4,12,December ,Dec,5,4,Thursday ,false,Q4,2025-12-21 17:55:00.587726+01
2024-12-06,2024-12-06,2024,4,12,December ,Dec,6,5,Friday   ,false,Q4,2025-12-21 17:55:00.587726+01
2024-12-07,2024-12-07,2024,4,12,December ,Dec,7,6,Saturday ,true,Q4,2025-12-21 17:55:00.587726+01
2024-12-08,2024-12-08,2024,4,12,December ,Dec,8,0,Sunday   ,true,Q4,2025-12-21 17:55:00.587726+01
2024-12-09,2024-12-09,2024,4,12,December ,Dec,9,1,Monday   ,false,Q4,2025-12-21 17:55:00.587726+01
2024-12-10,2024-12-10,2024,4,12,December ,Dec,10,2,Tuesday  ,false,Q4,2025-12-21 17:55:00.587726+01
2024-12-11,2024-12-11,2024,4,12,December ,Dec,11,3,Wednesday,false,Q4,2025-12-21 17:55:00.587726+01
2024-12-12,2024-12-12,2024,4,12,December ,Dec,12,4,Thursday ,false,Q4,2025-12-21 17:55:00.587726+01
2024-12-13,2024-12-13,2024,4,12,December ,Dec,13,5,Friday   ,false,Q4,2025-12-21 17:55:00.587726+01
2024-12-14,2024-12-14,2024,4,12,December ,Dec,14,6,Saturday ,true,Q4,2025-12-21 17:55:00.587726+01
2024-12-15,2024-12-15,2024,4,12,December ,Dec,15,0,Sunday   ,true,Q4,2025-12-21 17:55:00.587726+01
2024-12-16,2024-12-16,2024,4,12,December ,Dec,16,1,Monday   ,false,Q4,2025-12-21 17:55:00.587726+01
2024-12-17,2024-12-17,2024,4,12,December ,Dec,17,2,Tuesday  ,false,Q4,2025-12-21 17:55:00.587726+01
2024-12-18,2024-12-18,2024,4,12,December ,Dec,18,3,Wednesday,false,Q4,2025-12-21 17:55:00.587726+01
2024-12-19,2024-12-19,2024,4,12,December ,Dec,19,4,Thursday ,false,Q4,2025-12-21 17:55:00.587726+01
2024-12-20,2024-12-20,2024,4,12,December ,Dec,20,5,Friday   ,false,Q4,2025-12-21 17:55:00.587726+01
2024-12-21,2024-12-21,2024,4,12,December ,Dec,21,6,Saturday ,true,Q4,2025-12-21 17:55:00.587726+01
2024-12-22,2024-12-22,2024,4,12,December ,Dec,22,0,Sunday   ,true,Q4,2025-12-21 17:55:00.587726+01
2024-12-23,2024-12-23,2024,4,12,December ,Dec,23,1,Monday   ,false,Q4,2025-12-21 17:55:00.587726+01
2024-12-24,2024-12-24,2024,4,12,December ,Dec,24,2,Tuesday  ,false,Q4,2025-12-21 17:55:00.587726+01
2024-12-25,2024-12-25,2024,4,12,December ,Dec,25,3,Wednesday,false,Q4,2025-12-21 17:55:00.587726+01
2024-12-26,2024-12-26,2024,4,12,December ,Dec,26,4,Thursday ,false,Q4,2025-12-21 17:55:00.587726+01
2024-12-27,2024-12-27,2024,4,12,December ,Dec,27,5,Friday   ,false,Q4,2025-12-21 17:55:00.587726+01
2024-12-28,2024-12-28,2024,4,12,December ,Dec,28,6,Saturday ,true,Q4,2025-12-21 17:55:00.587726+01
2024-12-29,2024-12-29,2024,4,12,December ,Dec,29,0,Sunday   ,true,Q4,2025-12-21 17:55:00.587726+01
2024-12-30,2024-12-30,2024,4,12,December ,Dec,30,1,Monday   ,false,Q4,2025-12-21 17:55:00.587726+01
2024-12-31,2024-12-31,2024,4,12,December ,Dec,31,2,Tuesday  ,false,Q4,2025-12-21 17:55:00.587726+01
